{
  "id": "102019b5ce674097ab38805780f8f90ce4e",
  "version": "102019b5ff7ffb3702a8d716f62d21a3db0",
  "schema": {
    "name": "program_progress",
    "description": "Overall program tracking for phase and week progression",
    "fields": [
      {
        "name": "id",
        "description": "Unique identifier for each program progress record",
        "type": 1,
        "compliance": {
          "confidentiality": 3,
          "reason": "Contains program participation and progress data"
        }
      },
      {
        "name": "data_creator",
        "description": "id of the user who creates the record",
        "type": 1,
        "compliance": {
          "confidentiality": 2,
          "reason": "Internal tracking field for audit purposes"
        }
      },
      {
        "name": "data_updater",
        "description": "id of the user who updates the record",
        "type": 1,
        "compliance": {
          "confidentiality": 2,
          "reason": "Internal tracking field for audit purposes"
        }
      },
      {
        "name": "create_time",
        "description": "create time in timestamp unix",
        "type": 1,
        "compliance": {
          "confidentiality": 2,
          "reason": "Internal tracking field for audit purposes"
        },
        "format": "timestamp"
      },
      {
        "name": "update_time",
        "description": "update time in timestamp unix",
        "type": 1,
        "compliance": {
          "confidentiality": 2,
          "reason": "Internal tracking field for audit purposes"
        },
        "format": "timestamp"
      },
      {
        "name": "user_id",
        "description": "Foreign key reference to the user profile",
        "type": 1,
        "compliance": {
          "confidentiality": 3,
          "reason": "Links to user's personal data"
        }
      },
      {
        "name": "current_week",
        "description": "Current week number in the program (1-12)",
        "type": 2,
        "compliance": {
          "confidentiality": 3,
          "reason": "Program progress tracking"
        },
        "minimum": 1,
        "maximum": 12,
        "numeric": "int"
      },
      {
        "name": "current_phase",
        "description": "Current phase number in the program (1-3)",
        "type": 2,
        "compliance": {
          "confidentiality": 3,
          "reason": "Program phase tracking"
        },
        "minimum": 1,
        "maximum": 3,
        "numeric": "int"
      },
      {
        "name": "phase_start_date",
        "description": "Date when the current phase started in timestamp unix string format",
        "type": 1,
        "compliance": {
          "confidentiality": 3,
          "reason": "Program phase timeline tracking"
        },
        "format": "timestamp"
      },
      {
        "name": "phase_end_date",
        "description": "Date when the current phase ends in timestamp unix string format",
        "type": 1,
        "compliance": {
          "confidentiality": 3,
          "reason": "Program phase timeline tracking"
        },
        "format": "timestamp"
      }
    ],
    "indexes": [
      {
        "fields": [
          "id"
        ],
        "unique": true,
        "primary": true
      },
      {
        "fields": [
          "data_creator"
        ]
      },
      {
        "fields": [
          "data_updater"
        ]
      },
      {
        "fields": [
          "user_id"
        ],
        "unique": true
      },
      {
        "fields": [
          "current_week"
        ]
      },
      {
        "fields": [
          "current_phase"
        ]
      }
    ],
    "relations": [
      {
        "referencing_fields": [
          "user_id"
        ],
        "referenced_entity": {
          "name": "user_profile"
        },
        "referenced_fields": [
          "user_id"
        ],
        "cascade": true
      }
    ]
  },
  "task": {
    "id": "694fdd1627bf6305174669ec",
    "root": "694f132f5296c90e87490c67",
    "project": "694f132f5296c90e87490c66",
    "user": "58f133e0-60c1-70b4-2aa1-61c084d04f28"
  },
  "namespace": {
    "id": "01987547fc6c72ecb453bd2736bd4ea0",
    "tenant": 2,
    "name": "global-1",
    "default": true
  },
  "revision": 1
}