{
  "id": "102019b5ce67409754c9835d4e1dbb119ef",
  "version": "102019b5ff7ffb3702a8d716f62d21a3db0",
  "schema": {
    "name": "weekly_ceo_review",
    "description": "Weekly reflection and review responses for program participants",
    "fields": [
      {
        "name": "id",
        "description": "Unique identifier for each weekly review",
        "type": 1,
        "compliance": {
          "confidentiality": 4,
          "reason": "Contains highly personal reflective content and program insights"
        }
      },
      {
        "name": "data_creator",
        "description": "id of the user who creates the record",
        "type": 1,
        "compliance": {
          "confidentiality": 2,
          "reason": "Internal tracking field for audit purposes"
        }
      },
      {
        "name": "data_updater",
        "description": "id of the user who updates the record",
        "type": 1,
        "compliance": {
          "confidentiality": 2,
          "reason": "Internal tracking field for audit purposes"
        }
      },
      {
        "name": "create_time",
        "description": "create time in timestamp unix",
        "type": 1,
        "compliance": {
          "confidentiality": 2,
          "reason": "Internal tracking field for audit purposes"
        },
        "format": "timestamp"
      },
      {
        "name": "update_time",
        "description": "update time in timestamp unix",
        "type": 1,
        "compliance": {
          "confidentiality": 2,
          "reason": "Internal tracking field for audit purposes"
        },
        "format": "timestamp"
      },
      {
        "name": "user_id",
        "description": "Foreign key reference to the user profile",
        "type": 1,
        "compliance": {
          "confidentiality": 3,
          "reason": "Links to user's personal data"
        }
      },
      {
        "name": "week_number",
        "description": "Week number in the program (1-12)",
        "type": 2,
        "compliance": {
          "confidentiality": 3,
          "reason": "Program timeline tracking"
        },
        "minimum": 1,
        "maximum": 12,
        "numeric": "int"
      },
      {
        "name": "identity_reinforcement",
        "description": "Large text field for reflection on identity reinforcement during the week",
        "type": 1,
        "compliance": {
          "confidentiality": 4,
          "reason": "Highly personal identity development insights"
        },
        "taxonomy": {
          "category": "Personal Development",
          "subject": "Weekly identity reinforcement reflections"
        }
      },
      {
        "name": "old_identity_resurfacing",
        "description": "Large text field for noting instances of old identity patterns resurfacing",
        "type": 1,
        "compliance": {
          "confidentiality": 4,
          "reason": "Sensitive personal behavioral pattern analysis"
        },
        "taxonomy": {
          "category": "Personal Development",
          "subject": "Old identity patterns and challenges"
        }
      },
      {
        "name": "system_tweaks",
        "description": "Large text field for documenting adjustments and improvements to personal systems",
        "type": 1,
        "compliance": {
          "confidentiality": 4,
          "reason": "Personal strategy and system optimization notes"
        },
        "taxonomy": {
          "category": "Personal Development",
          "subject": "System improvements and optimization"
        }
      },
      {
        "name": "completed_date",
        "description": "Date when the weekly review was completed in timestamp unix string format",
        "type": 1,
        "compliance": {
          "confidentiality": 3,
          "reason": "Review completion timeline tracking"
        },
        "format": "timestamp"
      }
    ],
    "indexes": [
      {
        "fields": [
          "id"
        ],
        "unique": true,
        "primary": true
      },
      {
        "fields": [
          "data_creator"
        ]
      },
      {
        "fields": [
          "data_updater"
        ]
      },
      {
        "fields": [
          "user_id"
        ]
      },
      {
        "fields": [
          "week_number"
        ]
      },
      {
        "fields": [
          "user_id",
          "week_number"
        ],
        "unique": true
      },
      {
        "fields": [
          "completed_date"
        ],
        "order": true
      }
    ],
    "relations": [
      {
        "referencing_fields": [
          "user_id"
        ],
        "referenced_entity": {
          "name": "user_profile"
        },
        "referenced_fields": [
          "user_id"
        ],
        "cascade": true
      }
    ]
  },
  "task": {
    "id": "694fdd1627bf6305174669ec",
    "root": "694f132f5296c90e87490c67",
    "project": "694f132f5296c90e87490c66",
    "user": "58f133e0-60c1-70b4-2aa1-61c084d04f28"
  },
  "namespace": {
    "id": "01987547fc6c72ecb453bd2736bd4ea0",
    "tenant": 2,
    "name": "global-1",
    "default": true
  },
  "revision": 1
}