{
  "id": "102019b5ce64fc77427949f73f78c1efe4d",
  "version": "102019b5ce64fc7732ab55e8289026ebecf",
  "schema": {
    "name": "journal_entry",
    "description": "Future-Self Narrative journal entries for users",
    "fields": [
      {
        "name": "id",
        "description": "Unique identifier for each journal entry",
        "type": 1,
        "compliance": {
          "confidentiality": 4,
          "reason": "Contains highly personal reflective content"
        }
      },
      {
        "name": "data_creator",
        "description": "id of the user who creates the record",
        "type": 1,
        "compliance": {
          "confidentiality": 2,
          "reason": "Internal tracking field for audit purposes"
        }
      },
      {
        "name": "data_updater",
        "description": "id of the user who updates the record",
        "type": 1,
        "compliance": {
          "confidentiality": 2,
          "reason": "Internal tracking field for audit purposes"
        }
      },
      {
        "name": "create_time",
        "description": "create time in timestamp unix",
        "type": 1,
        "compliance": {
          "confidentiality": 2,
          "reason": "Internal tracking field for audit purposes"
        },
        "format": "timestamp"
      },
      {
        "name": "update_time",
        "description": "update time in timestamp unix",
        "type": 1,
        "compliance": {
          "confidentiality": 2,
          "reason": "Internal tracking field for audit purposes"
        },
        "format": "timestamp"
      },
      {
        "name": "user_id",
        "description": "Foreign key reference to the user profile",
        "type": 1,
        "compliance": {
          "confidentiality": 3,
          "reason": "Links to user's personal data"
        }
      },
      {
        "name": "entry_date",
        "description": "Date of the journal entry in timestamp unix string format",
        "type": 1,
        "compliance": {
          "confidentiality": 3,
          "reason": "Personal journaling timeline information"
        },
        "format": "timestamp"
      },
      {
        "name": "narrative",
        "description": "Large text field containing the future-self narrative content",
        "type": 1,
        "compliance": {
          "confidentiality": 4,
          "reason": "Highly personal reflective and aspirational content"
        },
        "taxonomy": {
          "category": "Personal Development",
          "subject": "Future self narrative and identity vision"
        }
      },
      {
        "name": "character_count",
        "description": "Number of characters in the narrative text",
        "type": 2,
        "compliance": {
          "confidentiality": 2,
          "reason": "Metadata for tracking entry length"
        },
        "minimum": 0,
        "numeric": "int"
      }
    ],
    "indexes": [
      {
        "fields": [
          "id"
        ],
        "unique": true,
        "primary": true
      },
      {
        "fields": [
          "data_creator"
        ]
      },
      {
        "fields": [
          "data_updater"
        ]
      },
      {
        "fields": [
          "user_id"
        ]
      },
      {
        "fields": [
          "entry_date"
        ],
        "order": true
      },
      {
        "fields": [
          "entry_date",
          "user_id"
        ],
        "order": true
      }
    ],
    "relations": [
      {
        "referencing_fields": [
          "user_id"
        ],
        "referenced_entity": {
          "name": "user_profile"
        },
        "referenced_fields": [
          "user_id"
        ],
        "cascade": true
      }
    ]
  },
  "task": {
    "id": "694f132f5296c90e87490c67",
    "root": "694f132f5296c90e87490c67",
    "project": "694f132f5296c90e87490c66",
    "user": "58f133e0-60c1-70b4-2aa1-61c084d04f28"
  },
  "namespace": {
    "id": "01987547fc6c72ecb453bd2736bd4ea0",
    "tenant": 2,
    "name": "global-1",
    "default": true
  },
  "revision": 1
}